里程數,公路編,經度,緯度,E,N,工程處,工務段,日期,縣市別,鄉鎮區,村里,備註
0000K+000,台7線,121.28924500000,24.88453200000,279223.69699999999,2753019.25999999978,一工處,復興工務段,2016/06/23,桃園市,大溪區,福仁里,
0000K+000,台7線,121.28924500000,24.88453200000,279223.69699999999,2753019.25999999978,一工處,復興工務段,2016/06/23,桃園市,大溪區,福仁里,
0000K+500,台7線,121.28898900000,24.88069800000,279198.73300000001,2752594.54699999979,一工處,復興工務段,2016/06/23,桃園市,大溪區,一心里,
0001K+000,台7線,121.29300500000,24.87806500000,279605.12900000002,2752303.78099999996,一工處,復興工務段,2016/06/23,桃園市,大溪區,一心里,
0001K+500,台7線,121.29480800000,24.87477400000,279788.09399999998,2751939.66000000015,一工處,復興工務段,2016/06/23,桃園市,大溪區,一心里,
0002K+000,台7線,121.29357300000,24.87077000000,279664.26199999999,2751495.90400000010,一工處,復興工務段,2016/06/23,桃園市,大溪區,美華里,
0002K+500,台7線,121.29388200000,24.86641800000,279696.52500000002,2751013.93999999994,一工處,復興工務段,2016/06/23,桃園市,大溪區,美華里,
0003K+000,台7線,121.29496100000,24.86204700000,279806.60499999998,2750530.04000000004,一工處,復興工務段,2016/06/23,桃園市,大溪區,美華里,
0003K+500,台7線,121.29457400000,24.85769800000,279768.53899999999,2750048.25700000022,一工處,復興工務段,2016/06/23,桃園市,大溪區,福安里,
0004K+000,台7線,121.29107700000,24.85452600000,279415.89399999997,2749696.16600000020,一工處,復興工務段,2016/06/23,桃園市,大溪區,福安里,
0004K+500,台7線,121.28845700000,24.85070100000,279152.01400000002,2749271.94400000013,一工處,復興工務段,2016/06/23,桃園市,大溪區,福安里,
0005K+000,台7線,121.28505700000,24.84910100000,278808.77299999999,2749094.00400000019,一工處,復興工務段,2016/06/23,桃園市,大溪區,福安里,
0005K+000,台7線,121.28505700000,24.84910100000,278808.77299999999,2749094.00400000019,一工處,復興工務段,2016/06/23,桃園市,大溪區,福安里,
0005K+500,台7線,121.28589300000,24.84476700000,278894.26799999998,2748614.14500000002,一工處,復興工務段,2016/06/23,桃園市,大溪區,福安里,
0005K+500,台7線,121.28589300000,24.84476700000,278894.26799999998,2748614.14500000002,一工處,復興工務段,2016/06/23,桃園市,大溪區,福安里,
0006K+000,台7線,121.28896700000,24.84139100000,279205.74200000003,2748240.87300000014,一工處,復興工務段,2016/06/23,桃園市,大溪區,福安里,
0006K+000,台7線,121.28896700000,24.84139100000,279205.74200000003,2748240.87300000014,一工處,復興工務段,2016/06/23,桃園市,大溪區,福安里,
0006K+500,台7線,121.29358400000,24.83994200000,279672.72700000001,2748081.37800000003,一工處,復興工務段,2016/06/23,桃園市,大溪區,福安里,
0007K+000,台7線,121.29826800000,24.83937600000,280146.28200000001,2748019.71499999985,一工處,復興工務段,2016/06/23,桃園市,大溪區,福安里,
0007K+500,台7線,121.30221700000,24.83722200000,280545.94300000003,2747782.01500000013,一工處,復興工務段,2016/06/23,桃園市,大溪區,福安里,
0008K+000,台7線,121.30438500000,24.83350700000,280765.98900000000,2747371.02799999993,一工處,復興工務段,2016/06/23,桃園市,大溪區,復興里,
0008K+500,台7線,121.30584500000,24.82937200000,280914.58700000000,2746913.36400000006,一工處,復興工務段,2016/06/23,桃園市,大溪區,復興里,
0009K+000,台7線,121.30607900000,24.82592000000,280939.09700000001,2746531.07299999986,一工處,復興工務段,2016/06/23,桃園市,大溪區,復興里,
0009K+500,台7線,121.31057800000,24.82526600000,281394.03300000000,2746459.66300000018,一工處,復興工務段,2016/06/23,桃園市,大溪區,復興里,
0010K+000,台7線,121.31331400000,24.82822600000,281669.84399999998,2746788.14600000018,一工處,復興工務段,2016/06/23,桃園市,大溪區,復興里,
0010K+500,台7線,121.31731100000,24.82947600000,282073.54300000001,2746927.52999999980,一工處,復興工務段,2016/06/23,桃園市,大溪區,新峰里,
0011K+000,台7線,121.32080600000,24.83230400000,282426.08000000002,2747241.58600000013,一工處,復興工務段,2016/06/23,桃園市,大溪區,新峰里,
0011K+500,台7線,121.32539000000,24.83179300000,282889.55499999999,2747186.08499999996,一工處,復興工務段,2016/06/23,桃園市,大溪區,新峰里,
0012K+000,台7線,121.33002600000,24.83204100000,283358.08700000000,2747214.67900000000,一工處,復興工務段,2016/06/23,桃園市,大溪區,新峰里,
0012K+500,台7線,121.33203500000,24.82923900000,283561.90700000001,2746904.82100000000,一工處,復興工務段,2016/06/23,桃園市,復興區,三民村,
0013K+000,台7線,121.33585300000,24.82950500000,283947.75900000002,2746935.22800000012,一工處,復興工務段,2016/06/23,桃園市,復興區,三民村,
0013K+500,台7線,121.33795400000,24.82657100000,284160.93300000002,2746610.78099999996,一工處,復興工務段,2016/06/23,桃園市,復興區,三民村,
0014K+000,台7線,121.34145500000,24.82610200000,284514.95199999999,2746559.71499999985,一工處,復興工務段,2016/06/23,桃園市,復興區,三民村,
0014K+500,台7線,121.34324300000,24.82322100000,284696.49099999998,2746241.06799999997,一工處,復興工務段,2016/06/23,桃園市,復興區,三民村,
0015K+000,台7線,121.34533400000,24.81980700000,284908.81699999998,2745863.46400000015,一工處,復興工務段,2016/06/23,桃園市,復興區,三民村,
0015K+500,台7線,121.34752700000,24.82186400000,285129.92200000002,2746091.86100000003,一工處,復興工務段,2016/06/23,桃園市,復興區,三民村,
0016K+000,台7線,121.35120800000,24.82392300000,285501.43400000001,2746320.87000000011,一工處,復興工務段,2016/06/23,桃園市,復興區,三民村,
0016K+500,台7線,121.35483800000,24.82433400000,285868.25300000003,2746367.34200000018,一工處,復興工務段,2016/06/23,桃園市,復興區,澤仁村,
0017K+000,台7線,121.35346400000,24.82015800000,285730.56099999999,2745904.44499999983,一工處,復興工務段,2016/06/23,桃園市,復興區,澤仁村,
0017K+500,台7線,121.35256100000,24.81666200000,285640.27899999998,2745516.99000000022,一工處,復興工務段,2016/06/23,桃園市,復興區,澤仁村,
0018K+000,台7線,121.35380100000,24.81260500000,285766.79599999997,2745067.95999999996,一工處,復興工務段,2016/06/23,桃園市,復興區,澤仁村,
0018K+500,台7線,121.35199300000,24.80947900000,285584.91100000002,2744721.25000000000,一工處,復興工務段,2016/06/23,桃園市,復興區,澤仁村,
0019K+000,台7線,121.35574300000,24.80762200000,285964.55800000002,2744516.55099999998,一工處,復興工務段,2016/06/23,桃園市,復興區,澤仁村,
0019K+500,台7線,121.36042200000,24.80746300000,286437.64100000000,2744500.18000000017,一工處,復興工務段,2016/06/23,桃園市,復興區,澤仁村,
0020K+000,台7線,121.36421600000,24.80622200000,286821.57400000002,2744363.74399999995,一工處,復興工務段,2016/06/23,桃園市,復興區,澤仁村,
0020K+500,台7線,121.36811500000,24.80609800000,287215.79599999997,2744351.06699999981,一工處,復興工務段,2016/06/23,桃園市,復興區,羅浮村,
0021K+000,台7線,121.36769400000,24.80278600000,287174.22100000002,2743984.11400000006,一工處,復興工務段,2016/06/23,桃園市,復興區,羅浮村,
0021K+500,台7線,121.36567900000,24.79913900000,286971.58199999999,2743579.62399999984,一工處,復興工務段,2016/06/23,桃園市,復興區,羅浮村,
0022K+000,台7線,121.36243700000,24.79659400000,286644.54800000001,2743296.86599999992,一工處,復興工務段,2016/06/23,桃園市,復興區,羅浮村,
0022K+500,台7線,121.36532800000,24.79298800000,286937.91600000003,2742898.24299999978,一工處,復興工務段,2016/06/23,桃園市,復興區,羅浮村,
0022K+600,台7線,121.36582700000,24.79221100000,286988.59999999998,2742812.31699999981,一工處,復興工務段,2016/06/23,桃園市,復興區,羅浮村,
0022K+700,台7線,121.36599600000,24.79146100000,287005.91100000002,2742729.29300000006,一工處,復興工務段,2016/06/23,桃園市,復興區,羅浮村,
0022K+800,台7線,121.36531800000,24.79080500000,286937.55200000003,2742656.45099999988,一工處,復興工務段,2016/06/23,桃園市,復興區,羅浮村,
0022K+900,台7線,121.36444100000,24.79043400000,286848.98599999998,2742615.12199999997,一工處,復興工務段,2016/06/23,桃園市,復興區,羅浮村,
0023K+000,台7線,121.36431900000,24.78955500000,286836.90999999997,2742517.73100000015,一工處,復興工務段,2016/06/23,桃園市,復興區,羅浮村,
0023K+100,台7線,121.36382000000,24.78879500000,286786.67900000000,2742433.41900000023,一工處,復興工務段,2016/06/23,桃園市,復興區,羅浮村,
0023K+200,台7線,121.36330100000,24.78811500000,286734.40200000000,2742357.96199999982,一工處,復興工務段,2016/06/23,桃園市,復興區,羅浮村,
0023K+300,台7線,121.36310800000,24.78740600000,286715.09499999997,2742279.38100000005,一工處,復興工務段,2016/06/23,桃園市,復興區,羅浮村,
0023K+400,台7線,121.36286600000,24.78664300000,286690.84999999998,2742194.80599999987,一工處,復興工務段,2016/06/23,桃園市,復興區,羅浮村,
0023K+500,台7線,121.36284300000,24.78578700000,286688.77600000001,2742099.99000000022,一工處,復興工務段,2016/06/23,桃園市,復興區,羅浮村,
0023K+600,台7線,121.36255400000,24.78493900000,286659.80300000001,2742005.98799999990,一工處,復興工務段,2016/06/23,桃園市,復興區,羅浮村,
0023K+700,台7線,121.36209600000,24.78415300000,286613.72200000001,2741918.80700000003,一工處,復興工務段,2016/06/23,桃園市,復興區,羅浮村,
0023K+800,台7線,121.36143500000,24.78375700000,286547.00000000000,2741874.76899999985,一工處,復興工務段,2016/06/23,桃園市,復興區,羅浮村,
0023K+900,台7線,121.36119600000,24.78339900000,286522.93800000002,2741835.05299999984,一工處,復興工務段,2016/06/23,桃園市,復興區,羅浮村,
0024K+000,台7線,121.36039800000,24.78308000000,286442.33899999998,2741799.50799999991,一工處,復興工務段,2016/06/23,桃園市,復興區,羅浮村,
0024K+100,台7線,121.35984500000,24.78240000000,286386.61900000001,2741724.04400000023,一工處,復興工務段,2016/06/23,桃園市,復興區,羅浮村,
0024K+200,台7線,121.35900600000,24.78206900000,286301.87699999998,2741687.15899999999,一工處,復興工務段,2016/06/23,桃園市,復興區,羅浮村,
0024K+300,台7線,121.35836300000,24.78189600000,286236.90800000000,2741667.82700000005,一工處,復興工務段,2016/06/23,桃園市,復興區,羅浮村,
0024K+400,台7線,121.35855800000,24.78115500000,286256.84200000000,2741585.80599999987,一工處,復興工務段,2016/06/23,桃園市,復興區,羅浮村,
0024K+500,台7線,121.35940000000,24.78098900000,286342.03300000000,2741567.64300000016,一工處,復興工務段,2016/06/23,桃園市,復興區,羅浮村,
0024K+600,台7線,121.36034200000,24.78111800000,286437.24900000001,2741582.18200000003,一工處,復興工務段,2016/06/23,桃園市,復興區,羅浮村,
0024K+700,台7線,121.36037600000,24.78022600000,286440.94799999997,2741483.39300000016,一工處,復興工務段,2016/06/23,桃園市,復興區,羅浮村,
0024K+800,台7線,121.36003600000,24.77942200000,286406.80200000003,2741394.25199999986,一工處,復興工務段,2016/06/23,桃園市,復興區,羅浮村,
0024K+900,台7線,121.35955900000,24.77865200000,286358.79100000003,2741308.83900000015,一工處,復興工務段,2016/06/23,桃園市,復興區,羅浮村,
0025K+000,台7線,121.35964400000,24.77778000000,286367.64100000000,2741212.27900000010,一工處,復興工務段,2016/06/23,桃園市,復興區,羅浮村,
0025K+100,台7線,121.35972100000,24.77691300000,286375.67999999999,2741116.27100000018,一工處,復興工務段,2016/06/23,桃園市,復興區,羅浮村,
0025K+200,台7線,121.35991400000,24.77604000000,286395.45100000000,2741019.62900000019,一工處,復興工務段,2016/06/23,桃園市,復興區,羅浮村,
0025K+300,台7線,121.35996500000,24.77517800000,286400.85999999999,2740924.16699999990,一工處,復興工務段,2016/06/23,桃園市,復興區,羅浮村,
0025K+400,台7線,121.35951000000,24.77441800000,286355.07000000001,2740839.86899999995,一工處,復興工務段,2016/06/23,桃園市,復興區,羅浮村,
0025K+500,台7線,121.35952700000,24.77352300000,286357.04900000000,2740740.74299999978,一工處,復興工務段,2016/06/23,桃園市,復興區,羅浮村,
0025K+600,台7線,121.35949900000,24.77262600000,286354.47899999999,2740641.38400000008,一工處,復興工務段,2016/06/23,桃園市,復興區,羅浮村,
0025K+700,台7線,121.36010300000,24.77193500000,286415.76100000000,2740565.00999999978,一工處,復興工務段,2016/06/23,桃園市,復興區,羅浮村,
0025K+800,台7線,121.35979900000,24.77119300000,286385.23499999999,2740482.74500000011,一工處,復興工務段,2016/06/23,桃園市,復興區,羅浮村,
0025K+900,台7線,121.35928400000,24.77046900000,286333.36499999999,2740402.41800000006,一工處,復興工務段,2016/06/23,桃園市,復興區,羅浮村,
0026K+000,台7線,121.35853200000,24.76990900000,286257.47899999999,2740340.19299999997,一工處,復興工務段,2016/06/23,桃園市,復興區,羅浮村,
0026K+100,台7線,121.35783800000,24.76932200000,286187.46600000001,2740274.99299999978,一工處,復興工務段,2016/06/23,桃園市,復興區,羅浮村,
0026K+200,台7線,121.35710200000,24.76874400000,286113.20199999999,2740210.77900000010,一工處,復興工務段,2016/06/23,桃園市,復興區,羅浮村,
0026K+300,台7線,121.35619500000,24.76840800000,286021.57500000001,2740173.32500000019,一工處,復興工務段,2016/06/23,桃園市,復興區,羅浮村,
0026K+400,台7線,121.35530200000,24.76825400000,285931.31000000000,2740156.03299999982,一工處,復興工務段,2016/06/23,桃園市,復興區,羅浮村,
0026K+500,台7線,121.35468100000,24.76876200000,285868.36300000001,2740212.13599999994,一工處,復興工務段,2016/06/23,桃園市,復興區,羅浮村,
0026K+600,台7線,121.35377400000,24.76882500000,285776.62000000000,2740218.87600000016,一工處,復興工務段,2016/06/23,桃園市,復興區,羅浮村,
0026K+700,台7線,121.35285700000,24.76868800000,285683.92400000000,2740203.46299999999,一工處,復興工務段,2016/06/23,桃園市,復興區,羅浮村,
0026K+800,台7線,121.35220900000,24.76804500000,285618.57600000000,2740132.07500000019,一工處,復興工務段,2016/06/23,桃園市,復興區,羅浮村,
0026K+900,台7線,121.35136900000,24.76757400000,285533.76100000000,2740079.68899999978,一工處,復興工務段,2016/06/23,桃園市,復興區,羅浮村,
0027K+000,台7線,121.35056500000,24.76705600000,285452.59899999999,2740022.10699999984,一工處,復興工務段,2016/06/23,桃園市,復興區,羅浮村,
0027K+100,台7線,121.34974000000,24.76656200000,285369.30599999998,2739967.17799999984,一工處,復興工務段,2016/06/23,桃園市,復興區,羅浮村,
0027K+200,台7線,121.34910900000,24.76588000000,285305.68500000000,2739891.47699999996,一工處,復興工務段,2016/06/23,桃園市,復興區,羅浮村,
0027K+300,台7線,121.34967100000,24.76527400000,285362.69300000003,2739824.50100000016,一工處,復興工務段,2016/06/23,桃園市,復興區,羅浮村,
0027K+400,台7線,121.35001700000,24.76447100000,285397.91200000001,2739735.65100000007,一工處,復興工務段,2016/06/23,桃園市,復興區,羅浮村,
0027K+500,台7線,121.34953500000,24.76370900000,285349.38199999998,2739651.12699999986,一工處,復興工務段,2016/06/23,桃園市,復興區,羅浮村,
0027K+600,台7線,121.34905200000,24.76295400000,285300.74800000002,2739567.37900000019,一工處,復興工務段,2016/06/23,桃園市,復興區,羅浮村,
0027K+700,台7線,121.34849500000,24.76221500000,285244.62400000001,2739485.38400000008,一工處,復興工務段,2016/06/23,桃園市,復興區,羅浮村,
0027K+800,台7線,121.34806400000,24.76141800000,285201.26000000001,2739396.99800000014,一工處,復興工務段,2016/06/23,桃園市,復興區,羅浮村,
0027K+900,台7線,121.34719600000,24.76099300000,285113.59399999998,2739349.70200000005,一工處,復興工務段,2016/06/23,桃園市,復興區,羅浮村,
0028K+000,台7線,121.34626000000,24.76070800000,285019.01100000000,2739317.89500000002,一工處,復興工務段,2016/06/23,桃園市,復興區,羅浮村,
0028K+100,台7線,121.34531200000,24.76051600000,284923.18800000002,2739296.38700000010,一工處,復興工務段,2016/06/23,桃園市,復興區,羅浮村,
0028K+200,台7線,121.34433200000,24.76054100000,284824.06800000003,2739298.90599999996,一工處,復興工務段,2016/06/23,桃園市,復興區,羅浮村,
0028K+300,台7線,121.34378000000,24.76043800000,284768.26899999997,2739287.35800000001,一工處,復興工務段,2016/06/23,桃園市,復興區,羅浮村,
0028K+400,台7線,121.34450400000,24.75983400000,284841.65999999997,2739220.64300000016,一工處,復興工務段,2016/06/23,桃園市,復興區,羅浮村,
0028K+500,台7線,121.34528600000,24.75929900000,284920.89899999998,2739161.58600000013,一工處,復興工務段,2016/06/23,桃園市,復興區,羅浮村,
0028K+600,台7線,121.34623900000,24.75907100000,285017.34600000002,2739136.57700000005,一工處,復興工務段,2016/06/23,桃園市,復興區,羅浮村,
0028K+700,台7線,121.34721400000,24.75908200000,285115.95199999999,2739138.04499999993,一工處,復興工務段,2016/06/23,桃園市,復興區,羅浮村,
0028K+800,台7線,121.34819300000,24.75908300000,285214.96500000003,2739138.40700000012,一工處,復興工務段,2016/06/23,桃園市,復興區,羅浮村,
0028K+900,台7線,121.34872500000,24.75853200000,285268.92499999999,2739077.51599999983,一工處,復興工務段,2016/06/23,桃園市,復興區,羅浮村,
0029K+000,台7線,121.34866500000,24.75765300000,285263.10499999998,2738980.14300000016,一工處,復興工務段,2016/06/23,桃園市,復興區,羅浮村,
0029K+100,台7線,121.34819500000,24.75687900000,285215.78800000000,2738894.29400000023,一工處,復興工務段,2016/06/23,桃園市,復興區,羅浮村,
0029K+200,台7線,121.34822500000,24.75603700000,285219.06000000000,2738801.04199999990,一工處,復興工務段,2016/06/23,桃園市,復興區,羅浮村,
0029K+300,台7線,121.34826700000,24.75518800000,285223.54700000002,2738707.01800000016,一工處,復興工務段,2016/06/23,桃園市,復興區,羅浮村,
0029K+400,台7線,121.34847900000,24.75436900000,285245.21999999997,2738616.35999999987,一工處,復興工務段,2016/06/23,桃園市,復興區,羅浮村,
0029K+500,台7線,121.34895900000,24.75365700000,285293.96899999998,2738537.62300000014,一工處,復興工務段,2016/06/23,桃園市,復興區,羅浮村,
0029K+600,台7線,121.34967800000,24.75306800000,285366.85600000003,2738472.57200000016,一工處,復興工務段,2016/06/23,桃園市,復興區,羅浮村,
0029K+700,台7線,121.35047700000,24.75274100000,285447.76100000000,2738436.56000000006,一工處,復興工務段,2016/06/23,桃園市,復興區,羅浮村,
0029K+800,台7線,121.35092300000,24.75205400000,285493.06599999999,2738360.58399999980,一工處,復興工務段,2016/06/23,桃園市,復興區,羅浮村,
0029K+900,台7線,121.35182800000,24.75224600000,285584.54599999997,2738382.08499999996,一工處,復興工務段,2016/06/23,桃園市,復興區,羅浮村,
0030K+000,台7線,121.35208700000,24.75148800000,285610.95799999998,2738298.19700000016,一工處,復興工務段,2016/06/23,桃園市,復興區,羅浮村,
0030K+100,台7線,121.35250200000,24.75074100000,285653.14500000002,2738215.56699999981,一工處,復興工務段,2016/06/23,桃園市,復興區,高義村,
0030K+200,台7線,121.35337900000,24.75087800000,285741.80900000001,2738230.97000000020,一工處,復興工務段,2016/06/23,桃園市,復興區,高義村,
0030K+300,台7線,121.35433900000,24.75096100000,285838.88299999997,2738240.41399999987,一工處,復興工務段,2016/06/23,桃園市,復興區,高義村,
0030K+400,台7線,121.35523700000,24.75106900000,285929.67999999999,2738252.61200000020,一工處,復興工務段,2016/06/23,桃園市,復興區,高義村,
0030K+500,台7線,121.35618900000,24.75119400000,286025.93199999997,2738266.70699999994,一工處,復興工務段,2016/06/23,桃園市,復興區,高義村,
0030K+600,台7線,121.35659400000,24.75048900000,286067.09899999999,2738188.72800000012,一工處,復興工務段,2016/06/23,桃園市,復興區,高義村,
0030K+700,台7線,121.35589100000,24.74986500000,285996.17400000000,2738119.42900000000,一工處,復興工務段,2016/06/23,桃園市,復興區,高義村,
0030K+800,台7線,121.35513900000,24.74928400000,285920.28000000003,2738054.87999999989,一工處,復興工務段,2016/06/23,桃園市,復興區,高義村,
0030K+900,台7線,121.35467500000,24.74852000000,285873.56800000003,2737970.13799999980,一工處,復興工務段,2016/06/23,桃園市,復興區,高義村,
0031K+000,台7線,121.35432400000,24.74786600000,285838.25400000002,2737897.60999999987,一工處,復興工務段,2016/06/23,桃園市,復興區,高義村,
0031K+100,台7線,121.35396300000,24.74722700000,285801.92300000001,2737826.74000000022,一工處,復興工務段,2016/06/23,桃園市,復興區,高義村,
0031K+200,台7線,121.35302500000,24.74694600000,285707.12800000003,2737795.37099999981,一工處,復興工務段,2016/06/23,桃園市,復興區,高義村,
0031K+300,台7線,121.35208600000,24.74666800000,285612.22999999998,2737764.33600000013,一工處,復興工務段,2016/06/23,桃園市,復興區,高義村,
0031K+400,台7線,121.35114600000,24.74639100000,285517.22999999998,2737733.41099999985,一工處,復興工務段,2016/06/23,桃園市,復興區,高義村,
0031K+500,台7線,121.35020600000,24.74611300000,285422.22999999998,2737702.37600000016,一工處,復興工務段,2016/06/23,桃園市,復興區,高義村,
0031K+600,台7線,121.34926300000,24.74584100000,285326.92499999999,2737672.00600000005,一工處,復興工務段,2016/06/23,桃園市,復興區,高義村,
0031K+700,台7線,121.34838100000,24.74545100000,285237.82199999999,2737628.58300000010,一工處,復興工務段,2016/06/23,桃園市,復興區,高義村,
0031K+800,台7線,121.34799400000,24.74467400000,285198.89700000000,2737542.42299999995,一工處,復興工務段,2016/06/23,桃園市,復興區,高義村,
0031K+900,台7線,121.34737800000,24.74403300000,285136.76899999997,2737471.26800000016,一工處,復興工務段,2016/06/23,桃園市,復興區,高義村,
0032K+000,台7線,121.34649800000,24.74367100000,285047.85900000000,2737430.94700000016,一工處,復興工務段,2016/06/23,桃園市,復興區,高義村,
0032K+100,台7線,121.34627300000,24.74282200000,285025.33899999998,2737336.85499999998,一工處,復興工務段,2016/06/23,桃園市,復興區,高義村,
0032K+200,台7線,121.34562100000,24.74219000000,284959.56500000000,2737266.68899999978,一工處,復興工務段,2016/06/23,桃園市,復興區,高義村,
0032K+300,台7線,121.34468800000,24.74192100000,284865.26699999999,2737236.65599999996,一工處,復興工務段,2016/06/23,桃園市,復興區,高義村,
0032K+400,台7線,121.34377300000,24.74208000000,284772.66899999999,2737254.03399999999,一工處,復興工務段,2016/06/23,桃園市,復興區,高義村,
0032K+500,台7線,121.34286100000,24.74226800000,284680.36800000002,2737274.62600000016,一工處,復興工務段,2016/06/23,桃園市,復興區,高義村,
0032K+600,台7線,121.34229300000,24.74180400000,284623.04200000002,2737223.08999999985,一工處,復興工務段,2016/06/23,桃園市,復興區,高義村,
0032K+700,台7線,121.34248500000,24.74097100000,284642.69400000002,2737130.87600000016,一工處,復興工務段,2016/06/23,桃園市,復興區,高義村,
0032K+800,台7線,121.34338000000,24.74067800000,284733.30699999997,2737098.64999999991,一工處,復興工務段,2016/06/23,桃園市,復興區,高義村,
0032K+900,台7線,121.34379900000,24.74009000000,284775.85300000000,2737033.62999999989,一工處,復興工務段,2016/06/23,桃園市,復興區,高義村,
0033K+000,台7線,121.34453700000,24.73966400000,284850.62199999997,2736986.63400000008,一工處,復興工務段,2016/06/23,桃園市,復興區,高義村,
0033K+100,台7線,121.34544900000,24.73988400000,284942.81199999998,2737011.23400000017,一工處,復興工務段,2016/06/23,桃園市,復興區,高義村,
0033K+200,台7線,121.34623300000,24.73977600000,285022.14600000001,2736999.47200000007,一工處,復興工務段,2016/06/23,桃園市,復興區,高義村,
0033K+300,台7線,121.34696000000,24.74036600000,285095.51799999998,2737065.00600000005,一工處,復興工務段,2016/06/23,桃園市,復興區,高義村,
0033K+400,台7線,121.34774800000,24.74010500000,285175.29999999999,2737036.29999999981,一工處,復興工務段,2016/06/23,桃園市,復興區,高義村,
0033K+500,台7線,121.34856400000,24.73997800000,285257.87599999999,2737022.44400000013,一工處,復興工務段,2016/06/23,桃園市,復興區,高義村,
0033K+600,台7線,121.34863300000,24.73909300000,285265.10499999998,2736924.43999999994,一工處,復興工務段,2016/06/23,桃園市,復興區,高義村,
0033K+700,台7線,121.34860000000,24.73831000000,285261.98800000001,2736837.70699999994,一工處,復興工務段,2016/06/23,桃園市,復興區,高義村,
0033K+800,台7線,121.34950200000,24.73815300000,285353.27299999999,2736820.54999999981,一工處,復興工務段,2016/06/23,桃園市,復興區,高義村,
0033K+900,台7線,121.35016200000,24.73798000000,285420.08399999997,2736801.55899999989,一工處,復興工務段,2016/06/23,桃園市,復興區,高義村,
0034K+000,台7線,121.35020500000,24.73708700000,285424.68699999998,2736702.66200000001,一工處,復興工務段,2016/06/23,桃園市,復興區,高義村,
0034K+100,台7線,121.35036400000,24.73620100000,285441.02100000001,2736604.57100000000,一工處,復興工務段,2016/06/23,桃園市,復興區,高義村,
0034K+200,台7線,121.35036400000,24.73530200000,285441.27600000001,2736504.99800000014,一工處,復興工務段,2016/06/23,桃園市,復興區,高義村,
0034K+300,台7線,121.35067000000,24.73446600000,285472.46700000000,2736412.48300000001,一工處,復興工務段,2016/06/23,桃園市,復興區,高義村,
0034K+400,台7線,121.35126300000,24.73374500000,285532.65800000000,2736332.77900000010,一工處,復興工務段,2016/06/23,桃園市,復興區,高義村,
0034K+500,台7線,121.35169500000,24.73294500000,285576.58600000001,2736244.28399999999,一工處,復興工務段,2016/06/23,桃園市,復興區,高義村,
0034K+600,台7線,121.35258400000,24.73273200000,285666.57600000000,2736220.92299999995,一工處,復興工務段,2016/06/23,桃園市,復興區,高義村,
0034K+700,台7線,121.35348800000,24.73269800000,285758.03300000000,2736217.39300000016,一工處,復興工務段,2016/06/23,桃園市,復興區,高義村,
0034K+800,台7線,121.35436700000,24.73245800000,285847.02000000002,2736191.04100000020,一工處,復興工務段,2016/06/23,桃園市,復興區,高義村,
0034K+900,台7線,121.35535300000,24.73244400000,285946.76699999999,2736189.74899999984,一工處,復興工務段,2016/06/23,桃園市,復興區,高義村,
0035K+000,台7線,121.35630700000,24.73239500000,286043.28700000001,2736184.57200000016,一工處,復興工務段,2016/06/23,桃園市,復興區,高義村,
0035K+100,台7線,121.35712200000,24.73189600000,286125.87500000000,2736129.51800000016,一工處,復興工務段,2016/06/23,桃園市,復興區,高義村,
0035K+200,台7線,121.35780900000,24.73125500000,286195.55699999997,2736058.70300000021,一工處,復興工務段,2016/06/23,桃園市,復興區,高義村,
0035K+300,台7線,121.35830000000,24.73049400000,286245.44699999999,2735974.54499999993,一工處,復興工務段,2016/06/23,桃園市,復興區,高義村,
0035K+400,台7線,121.35823000000,24.72971900000,286238.59000000003,2735888.68800000008,一工處,復興工務段,2016/06/23,桃園市,復興區,高義村,
0035K+500,台7線,121.35784500000,24.72909600000,286199.82400000002,2735819.58300000010,一工處,復興工務段,2016/06/23,桃園市,復興區,高義村,
0035K+600,台7線,121.35733100000,24.72851700000,286147.99400000001,2735755.31799999997,一工處,復興工務段,2016/06/23,桃園市,復興區,高義村,
0035K+700,台7線,121.35648800000,24.72823600000,286062.79499999998,2735723.97200000007,一工處,復興工務段,2016/06/23,桃園市,復興區,高義村,
0035K+800,台7線,121.35663700000,24.72739800000,286078.10999999999,2735631.19600000000,一工處,復興工務段,2016/06/23,桃園市,復興區,高義村,
0035K+900,台7線,121.35670000000,24.72660900000,286084.71100000001,2735543.82299999986,一工處,復興工務段,2016/06/23,桃園市,復興區,高義村,
0036K+000,台7線,121.35640400000,24.72576400000,286055.01000000001,2735450.15400000010,一工處,復興工務段,2016/06/23,桃園市,復興區,高義村,
0036K+100,台7線,121.35566300000,24.72526000000,285980.19199999998,2735394.13599999994,一工處,復興工務段,2016/06/23,桃園市,復興區,高義村,
0036K+200,台7線,121.35471900000,24.72505900000,285884.75099999999,2735371.62600000016,一工處,復興工務段,2016/06/23,桃園市,復興區,高義村,
0036K+300,台7線,121.35379200000,24.72516100000,285790.94199999998,2735382.68099999987,一工處,復興工務段,2016/06/23,桃園市,復興區,高義村,
0036K+400,台7線,121.35282400000,24.72501800000,285693.05499999999,2735366.58999999985,一工處,復興工務段,2016/06/23,桃園市,復興區,高義村,
0036K+500,台7線,121.35201100000,24.72454100000,285610.94400000002,2735313.54600000009,一工處,復興工務段,2016/06/23,桃園市,復興區,高義村,
0036K+600,台7線,121.35156000000,24.72375900000,285565.54100000003,2735226.81499999994,一工處,復興工務段,2016/06/23,桃園市,復興區,高義村,
0036K+700,台7線,121.35096700000,24.72323800000,285505.69699999999,2735168.95599999977,一工處,復興工務段,2016/06/23,桃園市,復興區,高義村,
0036K+800,台7線,121.35100300000,24.72238800000,285509.58100000001,2735074.81999999983,一工處,復興工務段,2016/06/23,桃園市,復興區,高義村,
0036K+900,台7線,121.35072300000,24.72156600000,285481.48700000002,2734983.70399999991,一工處,復興工務段,2016/06/23,桃園市,復興區,高義村,
0037K+000,台7線,121.35080500000,24.72081200000,285489.99699999997,2734900.21299999999,一工處,復興工務段,2016/06/23,桃園市,復興區,高義村,
0037K+100,台7線,121.35029200000,24.72004100000,285438.31599999999,2734814.68500000006,一工處,復興工務段,2016/06/23,桃園市,復興區,高義村,
0037K+200,台7線,121.34999600000,24.71918600000,285408.61200000002,2734719.90899999999,一工處,復興工務段,2016/06/23,桃園市,復興區,高義村,
0037K+300,台7線,121.34945900000,24.71845500000,285354.48999999999,2734638.80599999987,一工處,復興工務段,2016/06/23,桃園市,復興區,高義村,
0037K+400,台7線,121.34874300000,24.71786100000,285282.21999999997,2734572.83000000007,一工處,復興工務段,2016/06/23,桃園市,復興區,高義村,
0037K+500,台7線,121.34777500000,24.71770100000,285184.33199999999,2734554.85999999987,一工處,復興工務段,2016/06/23,桃園市,復興區,高義村,
0037K+600,台7線,121.34686400000,24.71736800000,285092.25900000002,2734517.74399999995,一工處,復興工務段,2016/06/23,桃園市,復興區,高義村,
0037K+700,台7線,121.34740200000,24.71689600000,285146.82100000000,2734465.60300000012,一工處,復興工務段,2016/06/23,桃園市,復興區,高義村,
0037K+800,台7線,121.34823900000,24.71649600000,285231.61400000000,2734421.51500000013,一工處,復興工務段,2016/06/23,桃園市,復興區,高義村,
0037K+900,台7線,121.34920300000,24.71659100000,285329.11700000003,2734432.28500000015,一工處,復興工務段,2016/06/23,桃園市,復興區,高義村,
0038K+000,台7線,121.35017900000,24.71671400000,285427.82500000001,2734446.16000000015,一工處,復興工務段,2016/06/23,桃園市,復興區,高義村,
0038K+100,台7線,121.35113900000,24.71690100000,285524.89700000000,2734467.12099999981,一工處,復興工務段,2016/06/23,桃園市,復興區,高義村,
0038K+200,台7線,121.35188800000,24.71637300000,285600.82400000002,2734408.83399999980,一工處,復興工務段,2016/06/23,桃園市,復興區,高義村,
0038K+300,台7線,121.35247000000,24.71573300000,285659.88900000002,2734338.10000000009,一工處,復興工務段,2016/06/23,桃園市,復興區,高義村,
0038K+400,台7線,121.35281400000,24.71510600000,285694.87099999998,2734268.74399999995,一工處,復興工務段,2016/06/23,桃園市,復興區,高義村,
0038K+500,台7線,121.35285700000,24.71439600000,285699.42400000000,2734190.11599999992,一工處,復興工務段,2016/06/23,桃園市,復興區,高義村,
0038K+600,台7線,121.35307500000,24.71373700000,285721.66700000002,2734117.18300000019,一工處,復興工務段,2016/06/23,桃園市,復興區,高義村,
0038K+700,台7線,121.35386800000,24.71427500000,285801.74400000001,2734176.97800000012,一工處,復興工務段,2016/06/23,桃園市,復興區,高義村,
0038K+800,台7線,121.35456100000,24.71489000000,285871.68099999998,2734245.27600000007,一工處,復興工務段,2016/06/23,桃園市,復興區,高義村,
0038K+900,台7線,121.35551500000,24.71497500000,285968.17599999998,2734254.93999999994,一工處,復興工務段,2016/06/23,桃園市,復興區,高義村,
0039K+000,台7線,121.35624700000,24.71457000000,286042.35100000002,2734210.27499999991,一工處,復興工務段,2016/06/23,桃園市,復興區,高義村,
0039K+100,台7線,121.35704500000,24.71447400000,286123.11499999999,2734199.85300000012,一工處,復興工務段,2016/06/23,桃園市,復興區,高義村,
0039K+200,台7線,121.35772800000,24.71404900000,286192.33899999998,2734152.95999999996,一工處,復興工務段,2016/06/23,桃園市,復興區,高義村,
0039K+300,台7線,121.35866500000,24.71428700000,286287.07000000001,2734179.56900000013,一工處,復興工務段,2016/06/23,桃園市,復興區,高義村,
0039K+400,台7線,121.35954500000,24.71415000000,286376.14299999998,2734164.62800000003,一工處,復興工務段,2016/06/23,桃園市,復興區,高義村,
0039K+500,台7線,121.36042700000,24.71377500000,286465.48700000002,2734123.32800000021,一工處,復興工務段,2016/06/23,桃園市,復興區,高義村,
0039K+600,台7線,121.36117400000,24.71341800000,286541.16800000001,2734083.98600000003,一工處,復興工務段,2016/06/23,桃園市,復興區,高義村,
0039K+700,台7線,121.36122900000,24.71252700000,286546.99300000002,2733985.31399999978,一工處,復興工務段,2016/06/23,桃園市,復興區,高義村,
0039K+800,台7線,121.36161800000,24.71177500000,286586.57000000001,2733902.12699999986,一工處,復興工務段,2016/06/23,桃園市,復興區,高義村,
0039K+900,台7線,121.36115700000,24.71098100000,286540.15899999999,2733814.06199999992,一工處,復興工務段,2016/06/23,桃園市,復興區,高義村,
0040K+000,台7線,121.36078400000,24.71018000000,286502.65399999998,2733725.24399999995,一工處,復興工務段,2016/06/23,桃園市,復興區,高義村,
0040K+100,台7線,121.36152500000,24.70962900000,286577.78700000001,2733664.41399999987,一工處,復興工務段,2016/06/23,桃園市,復興區,高義村,
0040K+200,台7線,121.36218600000,24.70903700000,286644.83899999998,2733599.02100000018,一工處,復興工務段,2016/06/23,桃園市,復興區,高義村,
0040K+300,台7線,121.36259600000,24.70833400000,286686.52700000000,2733521.26699999999,一工處,復興工務段,2016/06/23,桃園市,復興區,高義村,
0040K+400,台7線,121.36177600000,24.70788300000,286603.69300000003,2733471.09599999990,一工處,復興工務段,2016/06/23,桃園市,復興區,高義村,
0040K+500,台7線,121.36151400000,24.70713100000,286577.40399999998,2733387.73499999987,一工處,復興工務段,2016/06/23,桃園市,復興區,高義村,
0040K+600,台7線,121.36194600000,24.70638500000,286621.33199999999,2733305.22399999993,一工處,復興工務段,2016/06/23,桃園市,復興區,高義村,
0040K+700,台7線,121.36210000000,24.70551900000,286637.16700000002,2733209.34800000023,一工處,復興工務段,2016/06/23,桃園市,復興區,高義村,
0040K+800,台7線,121.36262200000,24.70478400000,286690.19799999997,2733128.08000000007,一工處,復興工務段,2016/06/23,桃園市,復興區,高義村,
0040K+900,台7線,121.36341400000,24.70425900000,286770.48800000001,2733070.14399999985,一工處,復興工務段,2016/06/23,桃園市,復興區,高義村,
0041K+000,台7線,121.36422700000,24.70376000000,286852.89500000002,2733015.09299999988,一工處,復興工務段,2016/06/23,桃園市,復興區,高義村,
0041K+100,台7線,121.36399800000,24.70292400000,286829.96999999997,2732922.43699999992,一工處,復興工務段,2016/06/23,桃園市,復興區,高義村,
0041K+200,台7線,121.36371100000,24.70224800000,286801.13000000000,2732847.48700000020,一工處,復興工務段,2016/06/23,桃園市,復興區,高義村,
0041K+300,台7線,121.36295000000,24.70168700000,286724.29399999999,2732785.14800000004,一工處,復興工務段,2016/06/23,桃園市,復興區,高義村,
0041K+400,台7線,121.36205100000,24.70131700000,286633.43800000002,2732743.92599999998,一工處,復興工務段,2016/06/23,桃園市,復興區,高義村,
0041K+500,台7線,121.36110600000,24.70127400000,286537.83199999999,2732738.91200000001,一工處,復興工務段,2016/06/23,桃園市,復興區,高義村,
0041K+600,台7線,121.36066700000,24.70046700000,286493.64700000000,2732649.41200000001,一工處,復興工務段,2016/06/23,桃園市,復興區,高義村,
0041K+700,台7線,121.36036000000,24.69964000000,286462.82400000002,2732557.73300000001,一工處,復興工務段,2016/06/23,桃園市,復興區,高義村,
0041K+800,台7線,121.36113900000,24.69910400000,286541.80400000000,2732498.57400000002,一工處,復興工務段,2016/06/23,桃園市,復興區,高義村,
0041K+900,台7線,121.36200900000,24.69878500000,286629.92900000000,2732463.47399999993,一工處,復興工務段,2016/06/23,桃園市,復興區,高義村,
0042K+000,台7線,121.36294000000,24.69854600000,286724.20299999998,2732437.25100000016,一工處,復興工務段,2016/06/23,桃園市,復興區,高義村,
0042K+100,台7線,121.36376000000,24.69898000000,286807.04800000001,2732485.54100000020,一工處,復興工務段,2016/06/23,桃園市,復興區,高義村,
0042K+200,台7線,121.36466800000,24.69933100000,286898.82100000000,2732524.66099999985,一工處,復興工務段,2016/06/23,桃園市,復興區,高義村,
0042K+300,台7線,121.36541500000,24.69888500000,286974.53899999999,2732475.46400000015,一工處,復興工務段,2016/06/23,桃園市,復興區,高義村,
0042K+400,台7線,121.36591800000,24.69814700000,287025.65299999999,2732393.85999999987,一工處,復興工務段,2016/06/23,桃園市,復興區,高義村,
0042K+500,台7線,121.36679900000,24.69783800000,287114.89000000001,2732359.87300000014,一工處,復興工務段,2016/06/23,桃園市,復興區,高義村,
0042K+600,台7線,121.36776600000,24.69793600000,287212.70899999997,2732370.99000000022,一工處,復興工務段,2016/06/23,桃園市,復興區,高義村,
0042K+700,台7線,121.36869200000,24.69815400000,287306.34299999999,2732395.38700000010,一工處,復興工務段,2016/06/23,桃園市,復興區,高義村,
0042K+800,台7線,121.36956000000,24.69848900000,287394.07299999997,2732432.72699999996,一工處,復興工務段,2016/06/23,桃園市,復興區,高義村,
0042K+900,台7線,121.37048100000,24.69874400000,287487.18900000001,2732461.22200000007,一工處,復興工務段,2016/06/23,桃園市,復興區,高義村,
0043K+000,台7線,121.37142100000,24.69896200000,287582.23900000000,2732485.62500000000,一工處,復興工務段,2016/06/23,桃園市,復興區,高義村,
0043K+100,台7線,121.37239600000,24.69897600000,287680.89100000000,2732487.44299999997,一工處,復興工務段,2016/06/23,桃園市,復興區,高義村,
0043K+200,台7線,121.37337400000,24.69889700000,287779.87400000001,2732478.96299999999,一工處,復興工務段,2016/06/23,桃園市,復興區,高義村,
0043K+300,台7線,121.37434700000,24.69889200000,287878.33000000002,2732478.67700000014,一工處,復興工務段,2016/06/23,桃園市,復興區,高義村,
0043K+400,台7線,121.37507700000,24.69842300000,287952.33799999999,2732426.93300000019,一工處,復興工務段,2016/06/23,桃園市,復興區,高義村,
0043K+500,台7線,121.37563500000,24.69770700000,288009.01699999999,2732347.78399999999,一工處,復興工務段,2016/06/23,桃園市,復興區,高義村,
0043K+600,台7線,121.37620200000,24.69710300000,288066.57400000002,2732281.04300000006,一工處,復興工務段,2016/06/23,桃園市,復興區,高義村,
0043K+700,台7線,121.37549300000,24.69649500000,287995.01600000000,2732213.50499999989,一工處,復興工務段,2016/06/23,桃園市,復興區,高義村,
0043K+800,台7線,121.37507300000,24.69573200000,287952.74800000002,2732128.87999999989,一工處,復興工務段,2016/06/23,桃園市,復興區,高義村,
0043K+900,台7線,121.37439700000,24.69508100000,287884.54200000002,2732056.58900000015,一工處,復興工務段,2016/06/23,桃園市,復興區,高義村,
0044K+000,台7線,121.37399900000,24.69426100000,287844.51600000000,2731965.65700000012,一工處,復興工務段,2016/06/23,桃園市,復興區,高義村,
0044K+100,台7線,121.37422300000,24.69349700000,287867.41300000000,2731881.09899999993,一工處,復興工務段,2016/06/23,桃園市,復興區,高義村,
0044K+200,台7線,121.37398600000,24.69275900000,287843.65399999998,2731799.29300000006,一工處,復興工務段,2016/06/23,桃園市,復興區,高義村,
0044K+300,台7線,121.37475700000,24.69222900000,287921.83299999998,2731740.80400000000,一工處,復興工務段,2016/06/23,桃園市,復興區,高義村,
0044K+400,台7線,121.37547600000,24.69161300000,287994.77600000001,2731672.77600000007,一工處,復興工務段,2016/06/23,桃園市,復興區,高義村,
0044K+500,台7線,121.37617600000,24.69101100000,288065.79300000001,2731606.29300000006,一工處,復興工務段,2016/06/23,桃園市,復興區,高義村,
0044K+600,台7線,121.37709500000,24.69068500000,288158.88799999998,2731570.44100000011,一工處,復興工務段,2016/06/23,桃園市,復興區,高義村,
0044K+700,台7線,121.37799700000,24.69034800000,288250.26699999999,2731533.36700000009,一工處,復興工務段,2016/06/23,桃園市,復興區,高義村,
0044K+800,台7線,121.37872600000,24.68982100000,288324.19799999997,2731475.20000000019,一工處,復興工務段,2016/06/23,桃園市,復興區,高義村,
0044K+900,台7線,121.37824600000,24.68905500000,288275.85900000000,2731390.22500000009,一工處,復興工務段,2016/06/23,桃園市,復興區,高義村,
0045K+000,台7線,121.37814400000,24.68820300000,288265.79700000002,2731295.83000000007,一工處,復興工務段,2016/06/23,桃園市,復興區,高義村,
0045K+100,台7線,121.37868900000,24.68748800000,288321.16700000002,2731216.79000000004,一工處,復興工務段,2016/06/23,桃園市,復興區,高義村,
0045K+200,台7線,121.37903200000,24.68667500000,288356.12599999999,2731126.83900000015,一工處,復興工務段,2016/06/23,桃園市,復興區,高義村,
0045K+300,台7線,121.37936200000,24.68583800000,288389.77700000000,2731034.22599999979,一工處,復興工務段,2016/06/23,桃園市,復興區,高義村,
0045K+400,台7線,121.37960300000,24.68502400000,288414.41499999998,2730944.13599999994,一工處,復興工務段,2016/06/23,桃園市,復興區,高義村,
0045K+500,台7線,121.38034200000,24.68446900000,288489.37000000000,2730882.87199999997,一工處,復興工務段,2016/06/23,桃園市,復興區,高義村,
0045K+600,台7線,121.38130500000,24.68432000000,288586.86900000001,2730866.63899999997,一工處,復興工務段,2016/06/23,桃園市,復興區,高義村,
0045K+700,台7線,121.38103500000,24.68357500000,288559.77500000002,2730784.04799999995,一工處,復興工務段,2016/06/23,桃園市,復興區,高義村,
0045K+800,台7線,121.38035800000,24.68296600000,288491.45100000000,2730716.40599999996,一工處,復興工務段,2016/06/23,桃園市,復興區,高義村,
0045K+900,台7線,121.37955300000,24.68254500000,288410.11499999999,2730669.55099999998,一工處,復興工務段,2016/06/23,桃園市,復興區,三光村,
0046K+000,台7線,121.37945300000,24.68164800000,288400.26899999997,2730570.17199999979,一工處,復興工務段,2016/06/23,桃園市,復興區,三光村,
0046K+100,台7線,121.37939300000,24.68074800000,288394.47300000000,2730470.47300000023,一工處,復興工務段,2016/06/23,桃園市,復興區,三光村,
0046K+200,台7線,121.38006500000,24.68023900000,288462.63600000000,2730414.28500000015,一工處,復興工務段,2016/06/23,桃園市,復興區,三光村,
0046K+300,台7線,121.38104900000,24.68017700000,288562.23700000002,2730407.69400000013,一工處,復興工務段,2016/06/23,桃園市,復興區,三光村,
0046K+400,台7線,121.38198700000,24.67991400000,288657.24500000000,2730378.82800000021,一工處,復興工務段,2016/06/23,桃園市,復興區,三光村,
0046K+500,台7線,121.38256900000,24.67924000000,288716.35200000001,2730304.34100000001,一工處,復興工務段,2016/06/23,桃園市,復興區,三光村,
0046K+600,台7線,121.38313100000,24.67850100000,288773.45600000001,2730222.64900000021,一工處,復興工務段,2016/06/23,桃園市,復興區,三光村,
0046K+700,台7線,121.38400200000,24.67812800000,288861.71899999998,2730181.58300000010,一工處,復興工務段,2016/06/23,桃園市,復興區,華陵村,
0046K+800,台7線,121.38492600000,24.67830200000,288955.17700000003,2730201.11700000009,一工處,復興工務段,2016/06/23,桃園市,復興區,華陵村,
0046K+900,台7線,121.38586200000,24.67849700000,289049.84200000000,2730222.97999999998,一工處,復興工務段,2016/06/23,桃園市,復興區,華陵村,
0047K+000,台7線,121.38682400000,24.67867700000,289147.14199999999,2730243.19100000011,一工處,復興工務段,2016/06/23,桃園市,復興區,華陵村,
0047K+100,台7線,121.38779700000,24.67878300000,289245.57900000003,2730255.20899999980,一工處,復興工務段,2016/06/23,桃園市,復興區,華陵村,
0047K+200,台7線,121.38861300000,24.67835300000,289328.29499999998,2730207.81699999981,一工處,復興工務段,2016/06/23,桃園市,復興區,華陵村,
0047K+300,台7線,121.38936100000,24.67781100000,289404.16499999998,2730148.00000000000,一工處,復興工務段,2016/06/23,桃園市,復興區,華陵村,
0047K+400,台7線,121.39004000000,24.67759800000,289472.94900000002,2730124.60399999982,一工處,復興工務段,2016/06/23,桃園市,復興區,華陵村,
0047K+500,台7線,121.39029700000,24.67693900000,289499.16600000003,2730051.68800000008,一工處,復興工務段,2016/06/23,桃園市,復興區,華陵村,
0047K+600,台7線,121.39124600000,24.67701900000,289595.18300000002,2730060.82200000016,一工處,復興工務段,2016/06/23,桃園市,復興區,華陵村,
0047K+700,台7線,121.39164000000,24.67624500000,289635.30200000003,2729975.20800000010,一工處,復興工務段,2016/06/23,桃園市,復興區,華陵村,
0047K+800,台7線,121.39213100000,24.67548000000,289685.23599999998,2729890.62000000011,一工處,復興工務段,2016/06/23,桃園市,復興區,華陵村,
0047K+900,台7線,121.39225100000,24.67459000000,289697.66200000001,2729792.07899999991,一工處,復興工務段,2016/06/23,桃園市,復興區,華陵村,
0048K+000,台7線,121.39296400000,24.67489500000,289769.72499999998,2729826.06699999981,一工處,復興工務段,2016/06/23,桃園市,復興區,華陵村,
0048K+100,台7線,121.39378800000,24.67529900000,289852.98999999999,2729871.05299999984,一工處,復興工務段,2016/06/23,桃園市,復興區,華陵村,
0048K+200,台7線,121.39475000000,24.67519800000,289950.38199999998,2729860.14600000018,一工處,復興工務段,2016/06/23,桃園市,復興區,華陵村,
0048K+300,台7線,121.39544100000,24.67461700000,290020.50000000000,2729795.99599999981,一工處,復興工務段,2016/06/23,桃園市,復興區,華陵村,
0048K+400,台7線,121.39601800000,24.67391200000,290079.12099999998,2729718.08000000007,一工處,復興工務段,2016/06/23,桃園市,復興區,華陵村,
0048K+500,台7線,121.39684100000,24.67371500000,290162.47700000001,2729696.50100000016,一工處,復興工務段,2016/06/23,桃園市,復興區,華陵村,
0048K+600,台7線,121.39778200000,24.67391700000,290257.64700000000,2729719.14999999991,一工處,復興工務段,2016/06/23,桃園市,復興區,華陵村,
0048K+700,台7線,121.39870500000,24.67362600000,290351.15399999998,2729687.18999999994,一工處,復興工務段,2016/06/23,桃園市,復興區,華陵村,
0048K+800,台7線,121.39965600000,24.67353800000,290447.42999999999,2729677.72300000023,一工處,復興工務段,2016/06/23,桃園市,復興區,華陵村,
0048K+900,台7線,121.40044700000,24.67311600000,290527.62099999998,2729631.21600000001,一工處,復興工務段,2016/06/23,桃園市,復興區,華陵村,
0049K+000,台7線,121.40110100000,24.67364900000,290593.63799999998,2729690.44400000013,一工處,復興工務段,2016/06/23,桃園市,復興區,華陵村,
0049K+100,台7線,121.40204900000,24.67369900000,290689.56599999999,2729696.26299999980,一工處,復興工務段,2016/06/23,桃園市,復興區,華陵村,
0049K+200,台7線,121.40299100000,24.67383800000,290784.85700000002,2729711.93800000008,一工處,復興工務段,2016/06/23,桃園市,復興區,華陵村,
0049K+300,台7線,121.40391800000,24.67379200000,290878.69000000000,2729707.11899999995,一工處,復興工務段,2016/06/23,桃園市,復興區,華陵村,
0049K+300,台7線,121.40391800000,24.67379200000,290878.69000000000,2729707.11899999995,一工處,復興工務段,2016/06/23,桃園市,復興區,華陵村,
0049K+400,台7線,121.40444400000,24.67439600000,290931.72800000000,2729774.17400000012,一工處,復興工務段,2016/06/23,桃園市,復興區,華陵村,
0049K+500,台7線,121.40486800000,24.67519500000,290974.37800000003,2729862.79699999979,一工處,復興工務段,2016/06/23,桃園市,復興區,華陵村,
0049K+600,台7線,121.40572200000,24.67509000000,291060.84200000000,2729851.42199999979,一工處,復興工務段,2016/06/23,桃園市,復興區,華陵村,
0049K+700,台7線,121.40634100000,24.67440000000,291123.71500000003,2729775.18399999989,一工處,復興工務段,2016/06/23,桃園市,復興區,華陵村,
0049K+800,台7線,121.40653900000,24.67367800000,291143.98999999999,2729695.27499999991,一工處,復興工務段,2016/06/23,桃園市,復興區,華陵村,
0049K+900,台7線,121.40634800000,24.67283900000,291124.93500000000,2729602.29199999990,一工處,復興工務段,2016/06/23,桃園市,復興區,華陵村,
0050K+000,台7線,121.40702000000,24.67221900000,291193.15000000002,2729533.82299999986,一工處,復興工務段,2016/06/23,桃園市,復興區,華陵村,
0050K+100,台7線,121.40766000000,24.67154300000,291258.14500000002,2729459.14199999999,一工處,復興工務段,2016/06/23,桃園市,復興區,華陵村,
0050K+200,台7線,121.40753300000,24.67066100000,291245.58199999999,2729361.41399999987,一工處,復興工務段,2016/06/23,桃園市,復興區,華陵村,
0050K+300,台7線,121.40748100000,24.66985100000,291240.58500000002,2729271.68399999989,一工處,復興工務段,2016/06/23,桃園市,復興區,華陵村,
0050K+400,台7線,121.40839300000,24.66957200000,291332.97999999998,2729241.05700000003,一工處,復興工務段,2016/06/23,桃園市,復興區,華陵村,
0050K+500,台7線,121.40791100000,24.66883900000,291284.43800000002,2729159.72599999979,一工處,復興工務段,2016/06/23,桃園市,復興區,華陵村,
0050K+600,台7線,121.40733000000,24.66820400000,291225.84399999998,2729089.21900000004,一工處,復興工務段,2016/06/23,桃園市,復興區,華陵村,
0050K+700,台7線,121.40706500000,24.66742700000,291199.27799999999,2729003.08000000007,一工處,復興工務段,2016/06/23,桃園市,復興區,華陵村,
0050K+800,台7線,121.40715900000,24.66656100000,291209.07600000000,2728907.19100000011,一工處,復興工務段,2016/06/23,桃園市,復興區,華陵村,
0050K+900,台7線,121.40729800000,24.66568500000,291223.43300000002,2728810.20800000010,一工處,復興工務段,2016/06/23,桃園市,復興區,華陵村,
0051K+000,台7線,121.40725200000,24.66491700000,291219.02899999998,2728725.13200000022,一工處,復興工務段,2016/06/23,桃園市,復興區,華陵村,
0051K+100,台7線,121.40732600000,24.66415000000,291226.77100000001,2728640.20200000005,一工處,復興工務段,2016/06/23,桃園市,復興區,華陵村,
0051K+200,台7線,121.40676200000,24.66346900000,291169.90999999997,2728564.60600000015,一工處,復興工務段,2016/06/23,桃園市,復興區,華陵村,
0051K+300,台7線,121.40714400000,24.66265700000,291208.84000000003,2728474.78500000015,一工處,復興工務段,2016/06/23,桃園市,復興區,華陵村,
0051K+400,台7線,121.40707400000,24.66185500000,291202.01899999997,2728385.93600000022,一工處,復興工務段,2016/06/23,桃園市,復興區,華陵村,
0051K+500,台7線,121.40664800000,24.66104600000,291159.16600000003,2728296.20399999991,一工處,復興工務段,2016/06/23,桃園市,復興區,華陵村,
0051K+600,台7線,121.40685500000,24.66018700000,291180.40000000002,2728201.12399999984,一工處,復興工務段,2016/06/23,桃園市,復興區,華陵村,
0051K+700,台7線,121.40711000000,24.65932600000,291206.49300000002,2728105.83799999999,一工處,復興工務段,2016/06/23,桃園市,復興區,華陵村,
0051K+800,台7線,121.40647900000,24.65864900000,291142.84600000002,2728030.66500000004,一工處,復興工務段,2016/06/23,桃園市,復興區,華陵村,
0051K+900,台7線,121.40610300000,24.65790700000,291105.03100000002,2727948.37000000011,一工處,復興工務段,2016/06/23,桃園市,復興區,華陵村,
0052K+000,台7線,121.40610200000,24.65704300000,291105.21299999999,2727852.67400000012,一工處,復興工務段,2016/06/23,桃園市,復興區,華陵村,
0052K+100,台7線,121.40613500000,24.65614800000,291108.84600000002,2727753.55500000017,一工處,復興工務段,2016/06/23,桃園市,復興區,華陵村,
0052K+200,台7線,121.40625300000,24.65528900000,291121.07199999999,2727658.44900000002,一工處,復興工務段,2016/06/23,桃園市,復興區,華陵村,
0052K+300,台7線,121.40616000000,24.65455400000,291111.89899999998,2727577.01299999980,一工處,復興工務段,2016/06/23,桃園市,復興區,華陵村,
0052K+400,台7線,121.40654600000,24.65387600000,291151.19300000003,2727502.03500000015,一工處,復興工務段,2016/06/23,桃園市,復興區,華陵村,
0052K+500,台7線,121.40742900000,24.65426400000,291240.44500000001,2727545.27400000021,一工處,復興工務段,2016/06/23,桃園市,復興區,華陵村,
0052K+600,台7線,121.40824900000,24.65413500000,291323.48999999999,2727531.23199999984,一工處,復興工務段,2016/06/23,桃園市,復興區,華陵村,
0052K+700,台7線,121.40893100000,24.65354500000,291392.71799999999,2727466.08999999985,一工處,復興工務段,2016/06/23,桃園市,復興區,華陵村,
0052K+800,台7線,121.40985700000,24.65324800000,291486.54800000001,2727433.47399999993,一工處,復興工務段,2016/06/23,桃園市,復興區,華陵村,
0052K+900,台7線,121.40976500000,24.65240100000,291477.51600000000,2727339.63400000008,一工處,復興工務段,2016/06/23,桃園市,復興區,華陵村,
0053K+000,台7線,121.40955700000,24.65156000000,291456.73900000000,2727246.42299999995,一工處,復興工務段,2016/06/23,桃園市,復興區,華陵村,
0053K+100,台7線,121.40959600000,24.65068200000,291460.97700000001,2727149.18899999978,一工處,復興工務段,2016/06/23,桃園市,復興區,華陵村,
0053K+200,台7線,121.41024100000,24.65010900000,291526.45600000001,2727085.91900000023,一工處,復興工務段,2016/06/23,桃園市,復興區,華陵村,
0053K+300,台7線,121.41071900000,24.64943300000,291575.06599999999,2727011.19100000011,一工處,復興工務段,2016/06/23,桃園市,復興區,華陵村,
0053K+400,台7線,121.41143300000,24.64894200000,291647.50500000000,2726957.02499999991,一工處,復興工務段,2016/06/23,桃園市,復興區,華陵村,
0053K+500,台7線,121.41234300000,24.64863100000,291739.72399999999,2726922.85499999998,一工處,復興工務段,2016/06/23,桃園市,復興區,華陵村,
0053K+600,台7線,121.41319200000,24.64821600000,291825.80400000000,2726877.14900000021,一工處,復興工務段,2016/06/23,桃園市,復興區,華陵村,
0053K+700,台7線,121.41407700000,24.64791900000,291915.48900000000,2726844.52300000004,一工處,復興工務段,2016/06/23,桃園市,復興區,華陵村,
0053K+800,台7線,121.41478500000,24.64730900000,291987.36200000002,2726777.17700000014,一工處,復興工務段,2016/06/23,桃園市,復興區,華陵村,
0053K+900,台7線,121.41512300000,24.64652100000,292021.84100000001,2726690.00199999986,一工處,復興工務段,2016/06/23,桃園市,復興區,華陵村,
0054K+000,台7線,121.41582700000,24.64600600000,292093.27899999998,2726633.17700000014,一工處,復興工務段,2016/06/23,桃園市,復興區,華陵村,
0054K+100,台7線,121.41656700000,24.64550100000,292168.35800000001,2726577.47099999990,一工處,復興工務段,2016/06/23,桃園市,復興區,華陵村,
0054K+200,台7線,121.41725300000,24.64497100000,292237.97899999999,2726518.97999999998,一工處,復興工務段,2016/06/23,桃園市,復興區,華陵村,
0054K+300,台7線,121.41802200000,24.64441500000,292316.01299999998,2726457.63499999978,一工處,復興工務段,2016/06/23,桃園市,復興區,華陵村,
0054K+400,台7線,121.41829100000,24.64357700000,292343.52600000001,2726364.90199999977,一工處,復興工務段,2016/06/23,桃園市,復興區,華陵村,
0054K+500,台7線,121.41831600000,24.64267700000,292346.35999999999,2726265.22699999996,一工處,復興工務段,2016/06/23,桃園市,復興區,華陵村,
0054K+600,台7線,121.41847600000,24.64185700000,292362.83399999997,2726174.45399999991,一工處,復興工務段,2016/06/23,桃園市,復興區,華陵村,
0054K+700,台7線,121.41903100000,24.64226000000,292418.88199999998,2726219.26099999994,一工處,復興工務段,2016/06/23,桃園市,復興區,華陵村,
0054K+800,台7線,121.41909000000,24.64312400000,292424.56300000002,2726314.97500000009,一工處,復興工務段,2016/06/23,桃園市,復興區,華陵村,
0054K+900,台7線,121.41935700000,24.64398900000,292451.29900000000,2726410.86299999990,一工處,復興工務段,2016/06/23,桃園市,復興區,華陵村,
0055K+000,台7線,121.41970100000,24.64483300000,292485.83700000000,2726504.45000000019,一工處,復興工務段,2016/06/23,桃園市,復興區,華陵村,
0055K+100,台7線,121.41954300000,24.64570500000,292469.54800000001,2726600.98199999984,一工處,復興工務段,2016/06/23,桃園市,復興區,華陵村,
0055K+200,台7線,121.41985400000,24.64654900000,292500.74400000001,2726694.55899999989,一工處,復興工務段,2016/06/23,桃園市,復興區,華陵村,
0055K+300,台7線,121.42046200000,24.64716400000,292562.08299999998,2726762.86400000006,一工處,復興工務段,2016/06/23,桃園市,復興區,華陵村,
0055K+400,台7線,121.42071800000,24.64794000000,292587.73400000000,2726848.89199999999,一工處,復興工務段,2016/06/23,桃園市,復興區,華陵村,
0055K+500,台7線,121.42114500000,24.64865400000,292630.71600000001,2726928.10600000015,一工處,復興工務段,2016/06/23,桃園市,復興區,華陵村,
0055K+600,台7線,121.42147300000,24.64943700000,292663.65200000000,2727014.93099999987,一工處,復興工務段,2016/06/23,桃園市,復興區,華陵村,
0055K+700,台7線,121.42236000000,24.64915600000,292753.53600000002,2726984.08399999980,一工處,復興工務段,2016/06/23,桃園市,復興區,華陵村,
0055K+800,台7線,121.42316500000,24.64958100000,292834.87800000003,2727031.40700000012,一工處,復興工務段,2016/06/23,桃園市,復興區,華陵村,
0055K+900,台7線,121.42340800000,24.65036400000,292859.20899999997,2727118.20699999994,一工處,復興工務段,2016/06/23,桃園市,復興區,華陵村,
0056K+000,台7線,121.42380200000,24.65062900000,292899.00099999999,2727147.68099999987,一工處,復興工務段,2016/06/23,桃園市,復興區,華陵村,
0056K+100,台7線,121.42416800000,24.64979600000,292936.33399999997,2727055.53299999982,一工處,復興工務段,2016/06/23,桃園市,復興區,華陵村,
0056K+200,台7線,121.42442500000,24.64899700000,292962.62300000002,2726967.11799999978,一工處,復興工務段,2016/06/23,桃園市,復興區,華陵村,
0056K+300,台7線,121.42516800000,24.64928200000,293037.73700000002,2726998.91600000020,一工處,復興工務段,2016/06/23,桃園市,復興區,華陵村,
0056K+400,台7線,121.42529500000,24.65017400000,293050.28600000002,2727097.75300000003,一工處,復興工務段,2016/06/23,桃園市,復興區,華陵村,
0056K+500,台7線,121.42576700000,24.65084000000,293097.83600000001,2727171.66600000020,一工處,復興工務段,2016/06/23,桃園市,復興區,華陵村,
0056K+600,台7線,121.42634200000,24.65127000000,293155.89299999998,2727219.47300000023,一工處,復興工務段,2016/06/23,桃園市,復興區,華陵村,
0056K+700,台7線,121.42717800000,24.65092000000,293240.63799999998,2727180.97000000020,一工處,復興工務段,2016/06/23,桃園市,復興區,華陵村,
0056K+800,台7線,121.42797700000,24.65110500000,293321.45299999998,2727201.71199999982,一工處,復興工務段,2016/06/23,桃園市,復興區,華陵村,
0056K+900,台7線,121.42846600000,24.65149100000,293370.81800000003,2727244.61899999995,一工處,復興工務段,2016/06/23,桃園市,復興區,華陵村,
0057K+000,台7線,121.42883100000,24.65070200000,293408.03800000000,2727157.34599999990,一工處,復興工務段,2016/06/23,桃園市,復興區,華陵村,
0057K+100,台7線,121.42847700000,24.64992900000,293372.47100000002,2727071.61799999978,一工處,復興工務段,2016/06/23,桃園市,復興區,華陵村,
0057K+200,台7線,121.42869900000,24.64934100000,293395.14700000000,2727006.56199999992,一工處,復興工務段,2016/06/23,桃園市,復興區,華陵村,
0057K+300,台7線,121.42963300000,24.64908200000,293489.78200000001,2726978.17100000009,一工處,復興工務段,2016/06/23,桃園市,復興區,華陵村,
0057K+400,台7線,121.43028000000,24.64881000000,293555.37000000000,2726948.24899999984,一工處,復興工務段,2016/06/23,桃園市,復興區,華陵村,
0057K+500,台7線,121.42975100000,24.64807000000,293502.07699999999,2726866.12000000011,一工處,復興工務段,2016/06/23,桃園市,復興區,華陵村,
0057K+600,台7線,121.42918400000,24.64733600000,293444.93500000000,2726784.64399999985,一工處,復興工務段,2016/06/23,桃園市,復興區,華陵村,
0057K+700,台7線,121.42996600000,24.64711000000,293524.17400000000,2726759.85999999987,一工處,復興工務段,2016/06/23,桃園市,復興區,華陵村,
0057K+800,台7線,121.43088100000,24.64738800000,293616.70100000000,2726790.94100000011,一工處,復興工務段,2016/06/23,桃園市,復興區,華陵村,
0057K+900,台7線,121.43173900000,24.64751500000,293703.51100000000,2726805.27999999980,一工處,復興工務段,2016/06/23,桃園市,復興區,華陵村,
0058K+000,台7線,121.43233000000,24.64810800000,293763.13000000000,2726871.14800000004,一工處,復興工務段,2016/06/23,桃園市,復興區,華陵村,
0058K+100,台7線,121.43298100000,24.64824500000,293828.98100000003,2726886.52999999980,一工處,復興工務段,2016/06/23,桃園市,復興區,華陵村,
0058K+200,台7線,121.43365800000,24.64765100000,293897.71999999997,2726820.95500000007,一工處,復興工務段,2016/06/23,桃園市,復興區,華陵村,
0058K+300,台7線,121.43414000000,24.64687700000,293946.78300000000,2726735.38200000022,一工處,復興工務段,2016/06/23,桃園市,復興區,華陵村,
0058K+400,台7線,121.43444800000,24.64606100000,293978.24699999997,2726645.10199999996,一工處,復興工務段,2016/06/23,桃園市,復興區,華陵村,
0058K+500,台7線,121.43501500000,24.64536100000,294035.88900000002,2726567.75199999986,一工處,復興工務段,2016/06/23,桃園市,復興區,華陵村,
0058K+600,台7線,121.43574300000,24.64561500000,294109.49500000000,2726596.11799999978,一工處,復興工務段,2016/06/23,桃園市,復興區,華陵村,
0058K+700,台7線,121.43641800000,24.64614700000,294177.63799999998,2726655.25900000008,一工處,復興工務段,2016/06/23,桃園市,復興區,華陵村,
0058K+800,台7線,121.43726000000,24.64592700000,294262.95000000001,2726631.16300000018,一工處,復興工務段,2016/06/23,桃園市,復興區,華陵村,
0058K+900,台7線,121.43743700000,24.64673700000,294280.58199999999,2726720.93500000006,一工處,復興工務段,2016/06/23,桃園市,復興區,華陵村,
0059K+000,台7線,121.43765600000,24.64758800000,294302.45100000000,2726815.26099999994,一工處,復興工務段,2016/06/23,桃園市,復興區,華陵村,
0059K+100,台7線,121.43771900000,24.64843400000,294308.53000000003,2726908.98300000001,一工處,復興工務段,2016/06/23,桃園市,復興區,華陵村,
0059K+200,台7線,121.43811200000,24.64797300000,294348.47499999998,2726858.04999999981,一工處,復興工務段,2016/06/23,桃園市,復興區,華陵村,
0059K+300,台7線,121.43855700000,24.64725100000,294393.77700000000,2726778.22599999979,一工處,復興工務段,2016/06/23,桃園市,復興區,華陵村,
0059K+400,台7線,121.43898400000,24.64669100000,294437.19900000002,2726716.33900000015,一工處,復興工務段,2016/06/23,桃園市,復興區,華陵村,
0059K+500,台7線,121.43977100000,24.64645800000,294516.94900000002,2726690.78700000001,一工處,復興工務段,2016/06/23,桃園市,復興區,華陵村,
0059K+600,台7線,121.44053600000,24.64602700000,294594.54200000002,2726643.29799999995,一工處,復興工務段,2016/06/23,桃園市,復興區,華陵村,
0059K+700,台7線,121.44104400000,24.64548200000,294646.15999999997,2726583.10000000009,一工處,復興工務段,2016/06/23,桃園市,復興區,華陵村,
0059K+800,台7線,121.44181000000,24.64510600000,294723.83600000001,2726541.70399999991,一工處,復興工務段,2016/06/23,桃園市,復興區,華陵村,
0059K+900,台7線,121.44251900000,24.64456000000,294795.80300000001,2726481.45999999996,一工處,復興工務段,2016/06/23,桃園市,復興區,華陵村,
0060K+000,台7線,121.44263500000,24.64541300000,294807.24099999998,2726575.97500000009,一工處,復興工務段,2016/06/23,桃園市,復興區,華陵村,
0060K+100,台7線,121.44327400000,24.64609200000,294871.68400000001,2726651.38899999997,一工處,復興工務段,2016/06/23,桃園市,復興區,華陵村,
0060K+200,台7線,121.44376000000,24.64685500000,294920.60900000000,2726736.05700000003,一工處,復興工務段,2016/06/23,桃園市,復興區,華陵村,
0060K+300,台7線,121.44425600000,24.64718900000,294970.69900000002,2726773.21199999982,一工處,復興工務段,2016/06/23,桃園市,復興區,華陵村,
0060K+400,台7線,121.44449800000,24.64632200000,294995.50699999998,2726677.26399999997,一工處,復興工務段,2016/06/23,桃園市,復興區,華陵村,
0060K+500,台7線,121.44439400000,24.64548200000,294985.28000000003,2726584.19199999981,一工處,復興工務段,2016/06/23,桃園市,復興區,華陵村,
0060K+600,台7線,121.44426500000,24.64466000000,294972.51500000001,2726493.10699999984,一工處,復興工務段,2016/06/23,桃園市,復興區,華陵村,
0060K+700,台7線,121.44464900000,24.64393000000,295011.64899999998,2726412.37800000003,一工處,復興工務段,2016/06/23,桃園市,復興區,華陵村,
0060K+800,台7線,121.44469600000,24.64304000000,295016.72600000002,2726313.81900000013,一工處,復興工務段,2016/06/23,桃園市,復興區,華陵村,
